{"reward": -10.0, "avg_reward": -9.74819749216301, "steps": 12760, "collision_rate": 0.9753134796238244, "success_rate": 1.0, "algo": "ppo", "scenario": "defense", "v": 0.15, "w": 0.0, "lidar": [3.5, 3.5, 3.5, 3.5, 3.5, 0.11999999731779099, 0.14401988685131073, 0.20575228333473206, 0.4240095615386963, 1.8757187128067017, 1.9273037910461426, 2.025881767272949, 3.5, 3.5, 3.5, 3.5, 3.5, 3.5, 3.5, 3.5, 3.5, 1.2008414268493652, 1.0079145431518555, 0.8820106387138367, 0.811667263507843, 0.775169312953949, 0.7525062561035156, 0.41995421051979065, 0.20557858049869537, 0.14250025153160095, 0.11999999731779099, 3.5, 3.5, 3.5, 3.5, 3.5]}